{"initial_reset_timestamp": 1651719260.6910772, "timestamps": [1651719271.489463], "episode_lengths": [2956], "episode_rewards": [651.0], "episode_types": ["t", "t"]}